first_name,last_name,birthday,email
Franchot,Skune,10/15/1996,fskune0@bandcamp.com
Ealasaid,Duggon,10/13/1966,eduggon1@yandex.ru
Jessee,Bourton,3/16/1981,jbourton2@google.it
Tye,Saphir,5/30/2003,tsaphir3@unesco.org
Sylvan,Robens,3/18/1992,srobens4@shareasale.com
Anthia,Asgodby,12/21/1978,aasgodby5@independent.co.uk
Philippine,Stanyland,4/20/1970,pstanyland6@independent.co.uk
Percy,Borsay,7/13/2019,pborsay7@elegantthemes.com
Trumann,Waight,2/22/2012,twaight8@twitpic.com
Torre,Pirolini,12/30/1962,tpirolini9@furl.net
Lesya,Le Breton De La Vieuville,8/5/1993,llebretondelavieuvillea@home.pl
Cathy,Yurocjkin,1/29/2012,cyurocjkinb@odnoklassniki.ru
Charisse,Parnaby,12/5/1966,cparnabyc@youku.com
Dorothee,Checcucci,8/10/2013,dcheccuccid@timesonline.co.uk
Dedie,McRill,1/31/2017,dmcrille@usda.gov
Lurette,Bollum,3/10/2007,lbollumf@imageshack.us
Abbi,McLanaghan,7/29/2007,amclanaghang@businessweek.com
Van,Heatherington,3/1/1991,vheatheringtonh@surveymonkey.com
Clarissa,Szymanzyk,10/26/1966,cszymanzyki@networkadvertising.org
Alisun,Brosius,3/19/1962,abrosiusj@qq.com
Floris,Woodlands,5/30/2000,fwoodlandsk@epa.gov
Todd,Zellner,7/2/1987,tzellnerl@sourceforge.net
Carmella,Pavy,5/5/2018,cpavym@house.gov
Dierdre,Pagon,6/26/1989,dpagonn@nifty.com
Gabie,Noice,3/21/2010,gnoiceo@comsenz.com
Terri-jo,Aitcheson,3/28/1969,taitchesonp@nps.gov
Augy,Endley,7/25/2012,aendleyq@csmonitor.com
Ciel,Shippard,12/18/1995,cshippardr@bluehost.com
Gae,Degenhardt,7/15/1967,gdegenhardts@free.fr
Christi,Fenwick,4/12/1995,cfenwickt@reddit.com
Corbett,Atheis,3/24/1969,catheisu@biglobe.ne.jp
Dennison,Gobeau,5/19/2003,dgobeauv@amazonaws.com
Raphaela,Chart,8/5/1974,rchartw@discovery.com
Gilbertine,Langfat,3/22/1973,glangfatx@livejournal.com
Eugenius,Tramel,7/1/2007,etramely@blogs.com
Gerri,Whicher,2/1/2015,gwhicherz@icq.com
Isak,Eggers,12/7/2020,ieggers10@netlog.com
Loy,Meran,6/9/1976,lmeran11@amazon.co.jp
Carma,Pigot,11/30/2017,cpigot12@opensource.org
Granny,Beisley,2/13/1979,gbeisley13@bigcartel.com
Maurits,Warby,7/1/2007,mwarby14@deliciousdays.com
Biron,Srutton,4/27/1992,bsrutton15@studiopress.com
Lorena,Boutell,6/23/1976,lboutell16@home.pl
Casandra,Alvey,5/10/2012,calvey17@irs.gov
Evanne,McNysche,1/14/2019,emcnysche18@weather.com
Millicent,Raggles,9/14/2009,mraggles19@shareasale.com
Abdel,Gunter,5/13/1970,agunter1a@salon.com
Raul,Glanville,11/9/1979,rglanville1b@usnews.com
Georgeta,Chrispin,6/22/1988,gchrispin1c@bbc.co.uk
Patti,Antoniutti,4/27/1990,pantoniutti1d@meetup.com
Corella,Guislin,10/15/1979,cguislin1e@blogtalkradio.com
Kirk,Rhucroft,12/18/1964,krhucroft1f@boston.com
Aldridge,Agus,1/14/2010,aagus1g@hp.com
Georgia,Dalloway,3/20/1979,gdalloway1h@etsy.com
Cecil,Rivett,5/20/1989,crivett1i@infoseek.co.jp
Nerti,Pidgin,3/18/1977,npidgin1j@amazon.co.jp
Vlad,Storkes,6/30/2012,vstorkes1k@jiathis.com
Donaugh,Neeves,6/29/2016,dneeves1l@telegraph.co.uk
Archer,Phillput,12/23/2018,aphillput1m@ihg.com
Brice,Bussey,5/12/1980,bbussey1n@miitbeian.gov.cn
Errol,Cokely,1/31/1984,ecokely1o@acquirethisname.com
Andy,Deelay,10/6/1967,adeelay1p@disqus.com
Adams,Schusterl,4/19/1980,aschusterl1q@comcast.net
Maddalena,Spilstead,1/12/1992,mspilstead1r@indiatimes.com
Cathrin,Fasse,6/17/1977,cfasse1s@about.me
Charin,Reary,11/10/2004,creary1t@google.de
Rubina,Lorne,7/26/1989,rlorne1u@mail.ru
Eleanore,Sarra,2/26/1972,esarra1v@booking.com
Madlin,Bemrose,2/10/2015,mbemrose1w@photobucket.com
Lamont,Batchelar,6/14/1993,lbatchelar1x@hhs.gov
Bartholomeus,Stannus,6/28/1981,bstannus1y@xing.com
Nat,Perham,1/5/2006,nperham1z@nasa.gov
Caldwell,Bever,1/14/1962,cbever20@microsoft.com
Kristen,Buse,10/19/1973,kbuse21@state.gov
Deanne,Verlander,4/21/1965,dverlander22@theguardian.com
Urbain,Ives,3/24/1970,uives23@ucoz.com
Neala,Mussared,7/15/1990,nmussared24@earthlink.net
Lynelle,McCarlich,3/27/2003,lmccarlich25@webs.com
Wheeler,Panchen,12/9/1983,wpanchen26@google.it
Tabb,Windle,10/17/2012,twindle27@theatlantic.com
Ramsey,Robson,1/9/1964,rrobson28@nasa.gov
Ari,Tinkham,7/19/2008,atinkham29@whitehouse.gov
Legra,Skurm,8/6/1967,lskurm2a@dailymail.co.uk
Joscelin,Reasce,7/24/1991,jreasce2b@spiegel.de
Shanan,Belhomme,8/19/1966,sbelhomme2c@4shared.com
Serene,Linner,1/13/1979,slinner2d@trellian.com
Wildon,Wilkison,12/31/1967,wwilkison2e@slideshare.net
Carleen,Linbohm,3/10/1982,clinbohm2f@amazonaws.com
Jessy,Ferriere,8/4/2007,jferriere2g@utexas.edu
Karee,Poetz,7/7/1988,kpoetz2h@intel.com
Kippie,Tennet,6/7/2003,ktennet2i@cisco.com
Emory,Wikey,11/24/1972,ewikey2j@ca.gov
Burt,Iuorio,9/29/1990,biuorio2k@macromedia.com
Doug,Rigts,10/17/1968,drigts2l@theguardian.com
Barbie,Bernocchi,2/2/2005,bbernocchi2m@last.fm
Ezekiel,Molloy,3/24/1968,emolloy2n@linkedin.com
Dalis,Creyke,6/17/1997,dcreyke2o@whitehouse.gov
Shayna,Draycott,5/24/1998,sdraycott2p@freewebs.com
Rebeca,Vlasyev,3/8/2016,rvlasyev2q@mysql.com
Mychal,Woodhall,11/11/1989,mwoodhall2r@edublogs.org
